A9-HB/CB	0.313205605497
M39-HE/CE	0.351515274866
I29-HD1/CD1	0.193189233279
L40-HD1/CD1	0.211058570158
T36-HG2/CG2	0.214878671775
L37-HD1/CD1	0.347634857127
L22-HG/CG	0.237053020962
A18-HB/CB	0.035680454689
I33-HG2/CG2	0.295252428513
L5-HG/CG	0.730332167832
I19-HG13/CG1	0.335267175573
A30-HB/CB	0.0579994121681
I35-HD1/CD1	0.373389458272
I19-HG2/CG2	0.144946929838
M23-HE/CE	0.0142382996205
L5-HD2/CD2	0.251498110077
T31-HG2/CG2	0.356510903427
I19-HD1/CD1	0.166765433108
L5-HB3/CB	0.64870030581
I33-H/N	0.943103479116
V24-H/N	0.7938927474
E10-H/N	0.907220206693
V27-H/N	0.653768674425
V28-H/N	0.952874418379
K41-H/N	0.811923280869
G17-H/N	0.737414454915
F8-H/N	0.189667333779
G13-H/N	0.699863715674
V34-H/N	0.821765629879
M2-H/N	0.956554756027
I35-H/N	0.856880461195
S14-H/N	0.989408039979
G25-H/N	0.66961175845
I29-H/N	0.918032572107
G21-H/N	0.457032181168
V6-H/N	0.199367275041
K16-H/N	1.01583393699
M39-H/N	1.08728939437
T31-H/N	0.810012126134
V32-H/N	0.965693628663
V38-H/N	1.03285230852
T36-H/N	0.975267836097
K42-H/N	0.974916723069
A9-H/N	0.377673589623
L22-H/N	0.443121581166
L5-H/N	1.03413066792
M23-H/N	0.654424138789
I20-H/N	0.81218103716
G26-H/N	0.807372811408
V12-H/N	0.963714170809
A18-H/N	0.441588396787
A30-H/N	0.785426244358
D11-H/N	1.160870696
I19-H/N	0.707969458593
K43-H/N	1.21915540932
