L5-HA/CA	0.718989280245
I29-HG2/CG2	0.237520458265
S14-HB3/CB	0.958685231682
E10-HB/CB	0.954929577465
K42-HA/CA	0.986595174263
A18-HB/CB	0.12441595132
V32-HA/CA	0.807917888563
I19-HG13/CG1	0.548053527981
E10-HA/CA	0.944618599791
V28-HG1/CG1	0.319565217391
L40-HB3/CB	0.933333333333
L37-HD2/CD2	0.91651510707
F8-HA/CA	0.531167690957
M23-HA/CA	0.601131541726
K41-HE/CE	0.948014924747
S14-HB2/CB	0.869068038879
V24-HG2/CG2	0.640578305468
K41-HG/CG	1.08481532148
M23-HB3/CB	0.215208564046
I33-HB/CB	0.789772727273
K42-HB3/CB	1.1914737229
I29-HD1/CD1	0.308736717828
K42-HG/CG	0.957784285017
K16-HB3/CB	1.05637030247
L22-HB3/CB	0.194397759104
M23-HE/CE	0.0154506640247
L5-HB2/CB	0.770354906054
I20-HB/CB	0.811965811966
I35-HA/CA	1.00526315789
V34-HG1/CG1	0.332942005166
L5-HB3/CB	0.656543745481
L37-HB3/CB	0.808219178082
I33-HD1/CD1	0.729632243394
L5-HD1/CD1	0.537005002571
I19-HB/CB	0.890650628759
A18-HA/CA	0.424113475177
V38-HG1/CG1	0.782124037292
A9-HB/CB	0.578280983686
V28-HB/CB	1.0012195122
K16-HB2/CB	1.22182920667
F8-HB/CB	0.525856697819
N15-HB3/CB	0.625334522748
V6-HG1/CG1	0.769279194208
V24-HA/CA	0.660377358491
K43-HA/CA	0.81954887218
S14-HA/CA	0.825167612171
L22-HB2/CB	0.37646695491
M23-HB2/CB	0.230499219969
K42-HB2/CB	1.14985590778
K4-HA/CA	1.109375
L40-HB2/CB	1.09512761021
M23-HG3/CG	0.884004058167
K42-HE/CE	1.06935866983
L5-HD2/CD2	0.604466793513
F7-HA/CA	0.939646201873
I35-HB/CB	1.21239744758
K4-HG3/CG	0.715770329956
V34-HA/CA	0.877300613497
V6-HA/CA	0.0459634649381
L37-HB2/CB	0.948825503356
I33-HG2/CG2	0.420821462488
K4-HE/CE	1.08322441762
Q3-HA/CA	1.02551834131
V28-HG2/CG2	0.575720164609
V32-HG1/CG1	0.923341206785
M39-HA/CA	0.737691686844
A9-HA/CA	0.825208085612
I29-HB/CB	0.47001934236
A30-HB/CB	0.0184777826661
N15-HB2/CB	0.619867549669
T36-HG2/CG2	0.915399239544
V6-HB/CB	0.833970925784
L22-HD1/CD1	0.152660217654
K43-HG/CG	1.07390202703
V27-HG1/CG1	0.122255703831
M23-HG2/CG	0.983386075949
V28-HA/CA	0.844587352626
I20-HG13/CG1	0.821966341895
K42-HD/CD	1.00727504786
I35-HG12/CG1	0.927536231884
I20-HA/CA	1.09444444444
M39-HG/CG	0.840519676144
L5-HG/CG	0.935497650577
I20-HD1/CD1	0.883410138249
M39-HE/CE	1.02604729
L40-HD1/CD1	0.791554071955
F7-HB/CB	0.822880080281
T31-HG2/CG2	0.850168649032
L37-HD1/CD1	0.759347138338
K4-HG2/CG	0.781878088962
