G21-H/N	0.418844035694
D11-H/N	0.879060191873
V28-H/N	0.580347416977
L5-H/N	0.478095267513
A18-H/N	0.474170499012
F8-H/N	0.225573609445
L22-H/N	0.358725072691
L40-H/N	0.583101005964
I33-H/N	0.702392730251
F7-H/N	0.173823612348
V24-H/N	0.575732232563
I35-H/N	0.685967153197
L37-H/N	0.878813386287
G25-H/N	0.545760654897
G17-H/N	0.614403908847
K42-H/N	0.784892563921
Q3-H/N	0.762083876648
S14-H/N	0.739656757041
G13-H/N	0.496028694666
T36-H/N	0.819697912392
I29-H/N	0.484000852867
K41-H/N	0.657044721264
I20-H/N	0.684512321312
M39-H/N	0.865913568209
S2-H/N	0.733524640149
G26-H/N	0.234460500134
M23-H/N	0.403947760016
K4-H/N	0.848860528851
T31-H/N	0.426793820924
V34-H/N	0.588770237167
V32-H/N	0.715534342789
V12-H/N	0.828128855882
A9-H/N	0.194466672753
V38-H/N	0.85381441793
V27-H/N	0.388470979492
V6-H/N	0.065381749204
I19-H/N	0.534820253496
E10-H/N	0.693844140991
K16-H/N	0.833954823459
A30-H/N	0.298752004715
